run_id,fixture_id,e2e_success,remediate_cycles,total_tokens,total_cost_usd,failure_origin_step
2026-09-01-v1.0-fixture-01-clean,fixture-01-clean,true,0,5974,0.0242,
2026-09-01-v1.0-fixture-02-remediate,fixture-02-remediate,true,1,10268,0.0401,
2026-09-01-v1.0-fixture-03-guardrail-fail,fixture-03-guardrail-fail,true,0,920,0.0037,W2
2026-09-01-v1.0-fixture-04-composite-pk,fixture-04-composite-pk,true,0,6040,0.0246,
2026-09-01-v1.0-fixture-05-insert-only,fixture-05-insert-only,true,0,5828,0.0233,
2026-09-01-v1.0-fixture-06-g1-schema-fail,fixture-06-g1-schema-fail,true,0,160,0.0008,W1
2026-09-01-v1.0-fixture-07-g4-review-mismatch,fixture-07-g4-review-mismatch,true,0,4824,0.021,W5
2026-09-01-v1.0-fixture-08-retries-exhausted,fixture-08-retries-exhausted,true,2,13252,0.052,W3
2026-09-07-v1.1-fixture-01-clean,fixture-01-clean,true,0,5974,0.0242,
2026-09-07-v1.1-fixture-02-remediate,fixture-02-remediate,true,1,10268,0.0401,
2026-09-07-v1.1-fixture-03-guardrail-fail,fixture-03-guardrail-fail,true,0,920,0.0037,W2
2026-09-07-v1.1-fixture-04-composite-pk,fixture-04-composite-pk,true,0,6040,0.0246,
2026-09-07-v1.1-fixture-05-insert-only,fixture-05-insert-only,true,0,5828,0.0233,
2026-09-07-v1.1-fixture-06-g1-schema-fail,fixture-06-g1-schema-fail,true,0,160,0.0008,W1
2026-09-07-v1.1-fixture-07-g4-review-mismatch,fixture-07-g4-review-mismatch,true,0,4824,0.021,W5
2026-09-07-v1.1-fixture-08-retries-exhausted,fixture-08-retries-exhausted,true,2,13252,0.052,W3
2026-10-05-delegation-v1-fixture-01-clean,fixture-01-clean,true,0,5974,0.0242,
2026-10-05-delegation-v1-fixture-02-remediate,fixture-02-remediate,true,1,10268,0.0401,
2026-10-05-delegation-v1-fixture-03-guardrail-fail,fixture-03-guardrail-fail,true,0,920,0.0037,W2
2026-10-05-delegation-v1-fixture-04-composite-pk,fixture-04-composite-pk,true,0,6040,0.0246,
2026-10-05-delegation-v1-fixture-05-insert-only,fixture-05-insert-only,true,0,5828,0.0233,
2026-10-05-delegation-v1-fixture-06-g1-schema-fail,fixture-06-g1-schema-fail,true,0,160,0.0008,W1
2026-10-05-delegation-v1-fixture-07-g4-review-mismatch,fixture-07-g4-review-mismatch,true,0,4824,0.021,W5
2026-10-05-delegation-v1-fixture-08-retries-exhausted,fixture-08-retries-exhausted,true,2,13252,0.052,W3
